Metric,Score
accuracy,0.9833333333333333
precision,0.9841269841269842
recall,0.9833333333333334
f1,0.9833229101521784
